{
  "101739380200_0_adservice_traces.json": {
    "goody": 0.5122755588127519,
    "faulty": 0.48772444118724806
  },
  "101739380200_0_cartservice_traces.json": {
    "goody": 0.5284837861524978,
    "faulty": 0.4715162138475022
  },
  "101739380200_0_checkoutservice_traces.json": {
    "goody": 0.5048512026090501,
    "faulty": 0.49514879739094986
  },
  "101739380200_0_currencyservice_traces.json": {
    "goody": 0.5025171247008335,
    "faulty": 0.49748287529916646
  },
  "101739380200_0_emailservice_traces.json": {
    "goody": 0.48720763320104704,
    "faulty": 0.512792366798953
  },
  "101739380200_0_flagd_traces.json": {
    "goody": 0.5232767611643121,
    "faulty": 0.47672323883568785
  },
  "101739380200_0_frauddetectionservice_traces.json": {
    "goody": 0.4992992002638305,
    "faulty": 0.5007007997361695
  },
  "101739380200_0_frontendproxy_traces.json": { "goody": 1.0, "faulty": 0.0 },
  "101739380200_0_frontend_traces.json": { "goody": 1.0, "faulty": 0.0 },
  "101739380200_0_paymentservice_traces.json": {
    "goody": 0.5011585567692817,
    "faulty": 0.49884144323071833
  },
  "101739380200_0_quoteservice_traces.json": {
    "goody": 0.49875270247796444,
    "faulty": 0.5012472975220356
  },
  "101739380200_0_recommendationservice_traces.json": {
    "goody": 0.5511537948512738,
    "faulty": 0.44884620514872614
  },
  "101739380200_0_shippingservice_traces.json": {
    "goody": 0.49875270247796444,
    "faulty": 0.5012472975220356
  },
  "11739368800_0_adservice_traces.json": {
    "goody": 0.4251824817518248,
    "faulty": 0.5748175182481752
  },
  "11739368800_0_checkoutservice_traces.json": {
    "goody": 0.41935483870967744,
    "faulty": 0.5806451612903226
  },
  "11739368800_0_flagd_traces.json": {
    "goody": 0.4554724677090415,
    "faulty": 0.5445275322909585
  },
  "11739368800_0_frontendproxy_traces.json": {
    "goody": 0.9080965719621181,
    "faulty": 0.09190342803788182
  },
  "11739368800_0_frontend_traces.json": {
    "goody": 0.4979435152179874,
    "faulty": 0.5020564847820126
  },
  "11739368800_0_recommendationservice_traces.json": {
    "goody": 0.4584920030464585,
    "faulty": 0.5415079969535415
  },
  "121739381977_0_adservice_traces.json": {
    "goody": 0.4778028592927013,
    "faulty": 0.5221971407072987
  },
  "121739381977_0_checkoutservice_traces.json": {
    "goody": 0.4768211920529801,
    "faulty": 0.5231788079470199
  },
  "121739381977_0_flagd_traces.json": {
    "goody": 0.39390986601705236,
    "faulty": 0.6060901339829476
  },
  "121739381977_0_frontendproxy_traces.json": {
    "goody": 0.8107643155566479,
    "faulty": 0.18923568444335218
  },
  "121739381977_0_frontend_traces.json": {
    "goody": 0.5270829415083694,
    "faulty": 0.4729170584916306
  },
  "121739381977_0_recommendationservice_traces.json": {
    "goody": 0.38515210717276027,
    "faulty": 0.6148478928272397
  },
  "131739382742_0_adservice_traces.json": {
    "goody": 0.5541713854284636,
    "faulty": 0.44582861457153644
  },
  "131739382742_0_cartservice_traces.json": {
    "goody": 0.5158838599487617,
    "faulty": 0.48411614005123826
  },
  "131739382742_0_checkoutservice_traces.json": {
    "goody": 0.5036666666666667,
    "faulty": 0.49633333333333335
  },
  "131739382742_0_currencyservice_traces.json": {
    "goody": 0.51259435162412,
    "faulty": 0.4874056483758799
  },
  "131739382742_0_emailservice_traces.json": {
    "goody": 0.4961935374725089,
    "faulty": 0.5038064625274912
  },
  "131739382742_0_flagd_traces.json": {
    "goody": 0.4984597886356097,
    "faulty": 0.5015402113643903
  },
  "131739382742_0_frauddetectionservice_traces.json": {
    "goody": 0.5106886354034643,
    "faulty": 0.4893113645965357
  },
  "131739382742_0_frontendproxy_traces.json": { "goody": 1.0, "faulty": 0.0 },
  "131739382742_0_frontend_traces.json": { "goody": 1.0, "faulty": 0.0 },
  "131739382742_0_paymentservice_traces.json": {
    "goody": 0.5062400536058297,
    "faulty": 0.49375994639417037
  },
  "131739382742_0_quoteservice_traces.json": {
    "goody": 0.5045496285165707,
    "faulty": 0.49545037148342935
  },
  "131739382742_0_recommendationservice_traces.json": {
    "goody": 0.495235675263626,
    "faulty": 0.504764324736374
  },
  "131739382742_0_shippingservice_traces.json": {
    "goody": 0.5106886354034643,
    "faulty": 0.4893113645965357
  },
  "141739383580_0_adservice_traces.json": {
    "goody": 0.5293227393113886,
    "faulty": 0.47067726068861143
  },
  "141739383580_0_cartservice_traces.json": {
    "goody": 0.5238189955246146,
    "faulty": 0.47618100447538536
  },
  "141739383580_0_checkoutservice_traces.json": {
    "goody": 0.5089954293494117,
    "faulty": 0.49100457065058833
  },
  "141739383580_0_currencyservice_traces.json": {
    "goody": 0.5112080332690943,
    "faulty": 0.48879196673090575
  },
  "141739383580_0_emailservice_traces.json": {
    "goody": 0.5089954293494117,
    "faulty": 0.49100457065058833
  },
  "141739383580_0_flagd_traces.json": {
    "goody": 0.5130754268424466,
    "faulty": 0.4869245731575535
  },
  "141739383580_0_frauddetectionservice_traces.json": {
    "goody": 0.5115460287874081,
    "faulty": 0.4884539712125919
  },
  "141739383580_0_frontendproxy_traces.json": { "goody": 1.0, "faulty": 0.0 },
  "141739383580_0_frontend_traces.json": { "goody": 1.0, "faulty": 0.0 },
  "141739383580_0_paymentservice_traces.json": {
    "goody": 0.504287464271131,
    "faulty": 0.4957125357288689
  },
  "141739383580_0_quoteservice_traces.json": {
    "goody": 0.5136529126213593,
    "faulty": 0.4863470873786408
  },
  "141739383580_0_recommendationservice_traces.json": {
    "goody": 0.5135249964594251,
    "faulty": 0.486475003540575
  },
  "141739383580_0_shippingservice_traces.json": {
    "goody": 0.5115460287874081,
    "faulty": 0.4884539712125919
  },
  "151739384226_0_adservice_traces.json": {
    "goody": 0.5628785179907374,
    "faulty": 0.43712148200926254
  },
  "151739384226_0_cartservice_traces.json": {
    "goody": 0.5382424735557364,
    "faulty": 0.46175752644426366
  },
  "151739384226_0_checkoutservice_traces.json": {
    "goody": 0.5488397193739881,
    "faulty": 0.4511602806260119
  },
  "151739384226_0_currencyservice_traces.json": {
    "goody": 0.5603380192702575,
    "faulty": 0.43966198072974255
  },
  "151739384226_0_emailservice_traces.json": {
    "goody": 0.540551150192353,
    "faulty": 0.459448849807647
  },
  "151739384226_0_flagd_traces.json": {
    "goody": 0.5552742616033756,
    "faulty": 0.4447257383966245
  },
  "151739384226_0_frauddetectionservice_traces.json": {
    "goody": 0.5536480686695279,
    "faulty": 0.44635193133047213
  },
  "151739384226_0_frontendproxy_traces.json": { "goody": 1.0, "faulty": 0.0 },
  "151739384226_0_frontend_traces.json": { "goody": 1.0, "faulty": 0.0 },
  "151739384226_0_paymentservice_traces.json": {
    "goody": 0.552269012220752,
    "faulty": 0.4477309877792481
  },
  "151739384226_0_quoteservice_traces.json": {
    "goody": 0.554253573939536,
    "faulty": 0.44574642606046405
  },
  "151739384226_0_recommendationservice_traces.json": {
    "goody": 0.5759431992203815,
    "faulty": 0.42405680077961855
  },
  "151739384226_0_shippingservice_traces.json": {
    "goody": 0.5575200377180575,
    "faulty": 0.4424799622819425
  },
  "161739384974_0_adservice_traces.json": {
    "goody": 0.5482423335826477,
    "faulty": 0.45175766641735227
  },
  "161739384974_0_cartservice_traces.json": {
    "goody": 0.5754189944134078,
    "faulty": 0.4245810055865922
  },
  "161739384974_0_checkoutservice_traces.json": {
    "goody": 0.5690985619081024,
    "faulty": 0.43090143809189757
  },
  "161739384974_0_currencyservice_traces.json": {
    "goody": 0.5821149878912907,
    "faulty": 0.4178850121087093
  },
  "161739384974_0_emailservice_traces.json": {
    "goody": 0.5690985619081024,
    "faulty": 0.43090143809189757
  },
  "161739384974_0_flagd_traces.json": {
    "goody": 0.55552747308295,