{
  "no_treatment_error": 0.0009601577666163375,
  "no_treatment_no_error": 0.9755104304686778,
  "treatment_error": 0.032584331532515706,
  "treatment_no_error": 0.9438862567027776
}
